ReturnID,OrderDetailID,ReturnDate,QuantityReturned,Reason
1,18564,2024-12-09,1,Damaged
2,29618,2023-05-07,1,Damaged
3,24278,2023-05-14,1,Wrong item
4,19989,2023-06-07,1,Not as described
5,39245,2023-03-15,1,Not as described
6,3458,2023-07-24,2,Changed mind
7,28235,2023-04-11,1,Damaged
8,11185,2023-03-21,1,Late delivery
9,3073,2023-03-19,1,Wrong item
10,6712,2024-05-29,1,Not as described
11,21725,2024-10-15,3,Not as described
12,29630,2024-11-24,3,Late delivery
13,19191,2023-05-18,1,Wrong item
14,24114,2024-12-07,2,Wrong item
15,6636,2023-09-14,1,Changed mind
16,13464,2023-07-07,1,Changed mind
17,5992,2023-07-30,1,Not as described
18,7742,2024-11-17,3,Not as described
19,11633,2023-01-09,2,Damaged
20,25440,2023-08-01,1,Changed mind
21,32927,2024-11-16,2,Changed mind
22,26776,2023-07-22,1,Wrong item
23,23877,2023-07-30,1,Late delivery
24,2789,2024-05-05,2,Wrong item
25,4831,2023-08-17,1,Late delivery
26,38786,2023-01-01,1,Not as described
27,15959,2024-10-17,1,Wrong item
28,4455,2023-12-22,1,Late delivery
29,8064,2024-11-19,1,Wrong item
30,37362,2023-04-11,1,Late delivery
31,7716,2024-08-11,2,Damaged
32,23693,2023-03-10,1,Wrong item
33,15304,2024-10-18,3,Late delivery
34,16435,2023-02-26,1,Wrong item
35,33251,2024-10-22,2,Damaged
36,8499,2024-09-28,1,Late delivery
37,21028,2024-07-24,1,Not as described
38,33145,2023-04-06,1,Wrong item
39,14145,2023-05-17,3,Wrong item
40,4867,2023-09-06,1,Wrong item
41,4712,2024-03-31,1,Damaged
42,13581,2023-10-21,1,Damaged
43,19761,2024-11-24,1,Damaged
44,15733,2024-08-30,1,Changed mind
45,6526,2023-11-05,1,Wrong item
46,26444,2024-12-15,1,Changed mind
47,25292,2024-12-23,1,Wrong item
48,29058,2024-09-14,1,Changed mind
49,28542,2023-12-18,1,Damaged
50,33708,2024-10-30,3,Changed mind
51,7385,2024-03-21,2,Wrong item
52,37346,2024-08-26,4,Damaged
53,17294,2024-07-02,2,Late delivery
54,5862,2023-10-02,2,Wrong item
55,754,2023-11-16,1,Wrong item
56,3783,2023-03-18,4,Wrong item
57,33750,2023-04-07,1,Late delivery
58,17184,2023-06-14,1,Not as described
59,27761,2024-04-19,1,Damaged
60,25073,2023-05-29,2,Damaged
61,29069,2024-07-09,1,Wrong item
62,36878,2023-09-30,1,Changed mind
63,20191,2023-07-06,1,Damaged
64,26273,2023-02-03,2,Not as described
65,20393,2023-02-24,3,Changed mind
66,14993,2024-03-28,3,Changed mind
67,33651,2023-06-18,1,Not as described
68,28818,2024-09-03,2,Damaged
69,1005,2023-11-09,4,Damaged
70,18012,2024-12-13,1,Wrong item
71,9811,2023-06-18,1,Not as described
72,28297,2023-06-16,1,Changed mind
73,9285,2024-03-25,1,Changed mind
74,5841,2023-09-17,1,Changed mind
75,2266,2024-04-04,1,Changed mind
76,5942,2024-01-14,2,Not as described
77,9213,2024-12-30,1,Changed mind
78,20566,2024-08-06,1,Not as described
79,27927,2023-10-10,1,Not as described
80,6205,2024-01-05,1,Damaged
81,3385,2024-01-04,1,Not as described
82,17496,2024-01-27,1,Wrong item
83,26829,2024-04-11,1,Wrong item
84,36289,2024-08-05,1,Not as described
85,36538,2024-01-11,3,Wrong item
86,13272,2024-08-30,1,Late delivery
87,30091,2024-06-14,3,Wrong item
88,38518,2024-01-18,1,Damaged
89,19653,2024-07-12,1,Wrong item
90,37939,2024-11-09,1,Wrong item
91,5325,2023-10-28,1,Damaged
92,33499,2023-03-21,2,Changed mind
93,23813,2023-05-11,2,Changed mind
94,19875,2023-12-06,1,Not as described
95,3615,2024-10-08,2,Changed mind
96,38399,2024-11-20,2,Wrong item
97,25955,2024-08-28,1,Late delivery
98,12527,2023-11-22,1,Damaged
99,11894,2023-10-07,1,Damaged
100,21846,2023-03-29,2,Not as described
101,17984,2024-12-28,3,Not as described
102,8229,2024-08-22,1,Late delivery
103,37376,2023-07-19,1,Not as described
104,23170,2024-06-21,1,Wrong item
105,6163,2024-04-07,2,Late delivery
106,22840,2023-05-05,1,Changed mind
107,557,2023-08-30,1,Not as described
108,22325,2024-07-20,1,Not as described
109,18464,2024-09-23,1,Damaged
110,32925,2024-09-24,1,Not as described
111,10534,2024-12-19,2,Not as described
112,22220,2023-03-25,1,Not as described
113,36120,2023-01-06,1,Damaged
114,39024,2023-02-16,4,Damaged
115,25498,2024-09-14,1,Changed mind
116,37465,2024-03-23,2,Damaged
117,25798,2023-11-15,1,Wrong item
118,16300,2024-04-14,2,Damaged
119,33679,2023-01-28,1,Late delivery
120,26019,2023-01-16,1,Not as described
121,10590,2024-10-06,1,Changed mind
122,37079,2023-07-31,3,Changed mind
123,689,2023-03-07,1,Damaged
124,35236,2024-02-02,1,Damaged
125,19213,2023-02-22,1,Wrong item
126,16635,2024-09-12,1,Wrong item
127,21446,2024-05-05,1,Wrong item
128,2583,2023-07-07,1,Damaged
129,813,2023-11-17,1,Late delivery
130,29163,2023-11-13,1,Changed mind
131,10334,2024-11-07,2,Changed mind
132,35368,2023-04-22,1,Late delivery
133,36576,2023-01-28,1,Changed mind
134,13400,2023-11-15,2,Late delivery
135,18096,2023-10-27,1,Not as described
136,2154,2024-10-05,3,Damaged
137,22679,2023-11-28,1,Late delivery
138,1851,2023-03-09,1,Changed mind
139,10482,2023-01-06,3,Damaged
140,3987,2024-10-19,1,Late delivery
141,35331,2023-05-12,1,Changed mind
142,36140,2024-08-10,2,Wrong item
143,7301,2023-01-31,1,Wrong item
144,755,2023-03-04,1,Not as described
145,2537,2023-03-13,1,Wrong item
146,19960,2024-06-28,2,Damaged
147,37157,2023-12-17,1,Damaged
148,35867,2023-08-01,1,Changed mind
149,31705,2023-10-12,2,Damaged
150,2690,2023-03-30,2,Wrong item
151,14651,2024-06-07,1,Damaged
152,29734,2024-09-05,1,Changed mind
153,11506,2024-08-03,1,Wrong item
154,34477,2024-01-28,2,Late delivery
155,9389,2024-05-16,1,Wrong item
156,1330,2024-02-17,2,Changed mind
157,9156,2024-09-23,1,Not as described
158,25540,2024-08-06,1,Late delivery
159,27558,2024-03-30,1,Not as described
160,13335,2023-07-10,1,Wrong item
161,38438,2023-07-24,1,Late delivery
162,33753,2023-12-13,1,Late delivery
163,35095,2023-12-23,1,Late delivery
164,5265,2023-06-21,1,Late delivery
165,13017,2023-02-24,4,Wrong item
166,36804,2023-02-14,2,Changed mind
167,22317,2023-03-24,2,Damaged
168,7067,2023-03-03,1,Damaged
169,23381,2024-07-20,1,Wrong item
170,22023,2023-01-25,1,Wrong item
171,24632,2023-11-12,4,Changed mind
172,17290,2023-02-09,1,Late delivery
173,12250,2023-01-03,3,Late delivery
174,19128,2023-06-29,2,Late delivery
175,29504,2023-01-05,1,Wrong item
176,17576,2024-08-05,1,Changed mind
177,34726,2024-02-17,1,Changed mind
178,5009,2023-09-17,1,Changed mind
179,16004,2024-03-29,1,Late delivery
180,7579,2024-01-03,1,Changed mind
181,8234,2023-06-23,1,Damaged
182,1484,2024-01-10,2,Damaged
183,28562,2023-02-04,1,Damaged
184,10655,2023-10-30,1,Not as described
185,37005,2023-03-31,1,Wrong item
186,4119,2023-05-17,2,Not as described
187,21695,2024-10-13,1,Damaged
188,32755,2023-08-05,3,Not as described
189,14013,2023-09-12,1,Changed mind
190,25306,2023-10-13,1,Not as described
191,4112,2023-10-01,2,Late delivery
192,22283,2023-04-01,1,Changed mind
193,5921,2024-03-26,1,Late delivery
194,23125,2023-10-13,2,Wrong item
195,38536,2024-12-10,1,Late delivery
196,27370,2023-02-19,1,Damaged
197,27332,2023-06-22,1,Wrong item
198,28439,2024-09-02,2,Late delivery
199,37164,2024-12-16,1,Late delivery
200,20189,2024-07-30,2,Late delivery
201,4466,2023-04-09,1,Late delivery
202,26319,2023-05-06,1,Changed mind
203,34843,2024-05-16,1,Changed mind
204,34853,2023-04-14,1,Not as described
205,14156,2023-11-24,1,Changed mind
206,28222,2023-12-02,1,Changed mind
207,20615,2024-10-18,2,Changed mind
208,39249,2023-09-16,1,Late delivery
209,32757,2023-02-03,2,Changed mind
210,39092,2024-04-12,1,Late delivery
211,20510,2024-11-24,5,Wrong item
212,10634,2024-02-25,2,Not as described
213,20197,2023-01-21,1,Late delivery
214,6989,2023-04-05,1,Late delivery
215,10556,2024-01-07,1,Wrong item
216,7902,2024-05-07,1,Wrong item
217,20596,2024-10-07,1,Not as described
218,16103,2024-07-13,2,Wrong item
219,26200,2024-07-14,1,Changed mind
220,17253,2023-02-11,2,Not as described
221,24392,2024-09-24,1,Late delivery
222,35520,2024-05-01,1,Damaged
223,4566,2024-06-19,1,Changed mind
224,24624,2023-10-03,1,Changed mind
225,10023,2023-11-21,5,Not as described
226,13557,2024-03-17,2,Changed mind
227,28850,2024-12-17,1,Damaged
228,3909,2024-08-04,1,Late delivery
229,20826,2023-08-18,1,Changed mind
230,36645,2024-04-10,1,Not as described
231,15007,2024-07-16,1,Wrong item
232,21359,2024-07-21,1,Late delivery
233,1350,2023-01-29,1,Wrong item
234,8814,2023-08-07,1,Not as described
235,1571,2023-09-11,1,Wrong item
236,23487,2023-12-10,2,Not as described
237,11080,2024-09-19,1,Not as described
238,6501,2024-02-29,1,Damaged
239,25600,2024-08-22,2,Not as described
240,9760,2024-03-04,1,Damaged
241,5364,2023-08-02,1,Changed mind
242,2036,2024-01-18,3,Wrong item
243,32320,2023-04-03,1,Changed mind
244,37576,2023-07-20,2,Damaged
245,19680,2024-05-04,1,Not as described
246,23515,2023-06-13,3,Late delivery
247,18221,2023-10-02,5,Changed mind
248,28044,2023-02-26,2,Changed mind
249,29402,2023-05-17,1,Wrong item
250,29320,2023-01-11,1,Changed mind
251,12756,2023-02-06,1,Damaged
252,11263,2023-08-05,1,Changed mind
253,38992,2024-10-29,1,Wrong item
254,22761,2024-07-08,1,Wrong item
255,2548,2023-09-25,3,Changed mind
256,436,2024-07-06,1,Damaged
257,6690,2024-09-29,1,Damaged
258,13635,2023-04-07,1,Not as described
259,25297,2023-09-03,1,Damaged
260,24094,2024-01-31,1,Not as described
261,28424,2023-05-17,1,Late delivery
262,18376,2024-07-30,1,Changed mind
263,24880,2024-03-01,1,Damaged
264,2421,2023-08-29,1,Late delivery
265,24353,2023-06-21,1,Wrong item
266,21006,2024-09-24,1,Not as described
267,14541,2023-11-01,1,Damaged
268,10652,2023-09-14,1,Changed mind
269,10708,2023-12-04,1,Late delivery
270,29014,2024-01-29,1,Damaged
271,21536,2024-07-16,1,Damaged
272,6237,2023-10-15,1,Damaged
273,22133,2024-07-14,1,Wrong item
274,10027,2024-03-01,1,Damaged
275,35571,2024-08-14,1,Not as described
276,3729,2023-10-29,2,Damaged
277,3036,2024-04-26,1,Not as described
278,19565,2024-01-11,1,Changed mind
279,10168,2024-09-29,1,Changed mind
280,35948,2024-05-03,1,Not as described
281,29621,2023-07-19,1,Late delivery
282,26491,2023-07-25,2,Late delivery
283,3410,2024-08-25,1,Damaged
284,1458,2023-06-27,1,Not as described
285,1375,2023-01-23,1,Damaged
286,37450,2023-04-27,1,Wrong item
287,36625,2023-12-17,1,Wrong item
288,14542,2024-02-03,1,Changed mind
289,574,2024-04-23,1,Changed mind
290,34639,2023-03-17,1,Damaged
291,9441,2023-03-02,1,Damaged
292,10698,2023-12-23,2,Changed mind
293,24977,2024-07-17,1,Wrong item
294,8321,2024-11-26,1,Damaged
295,4418,2023-08-28,1,Late delivery
296,18926,2023-09-16,1,Late delivery
297,1190,2024-11-03,2,Wrong item
298,8832,2023-12-06,1,Wrong item
299,25118,2023-03-25,2,Not as described
300,17661,2024-05-01,2,Not as described
301,32315,2024-02-07,1,Wrong item
302,14295,2023-09-15,1,Changed mind
303,20890,2023-02-19,1,Not as described
304,37585,2023-05-08,1,Wrong item
305,15169,2023-01-18,3,Not as described
306,13363,2023-10-18,1,Changed mind
307,30368,2023-07-23,2,Wrong item
308,34754,2023-01-30,1,Damaged
309,27033,2023-07-28,2,Damaged
310,30034,2024-01-30,2,Late delivery
311,11832,2023-06-03,3,Damaged
312,14195,2024-08-25,1,Damaged
313,14983,2023-08-31,1,Not as described
314,5088,2023-09-29,3,Not as described
315,37578,2024-05-12,2,Damaged
316,30928,2024-07-15,1,Late delivery
317,22306,2023-12-26,1,Changed mind
318,11886,2023-11-27,1,Changed mind
319,36718,2024-12-24,1,Damaged
320,13232,2024-12-28,1,Not as described
321,29059,2024-08-10,1,Late delivery
322,12787,2024-02-23,1,Changed mind
323,37475,2023-04-13,1,Changed mind
324,13729,2024-11-20,1,Changed mind
325,8634,2023-09-24,1,Changed mind
326,3799,2023-08-26,1,Not as described
327,16865,2023-02-22,1,Damaged
328,14508,2023-06-23,2,Late delivery
329,5227,2024-08-22,1,Wrong item
330,30187,2024-11-16,1,Wrong item
331,21803,2024-12-18,1,Not as described
332,2893,2024-12-02,1,Changed mind
333,16191,2024-07-04,2,Not as described
334,37808,2024-11-08,1,Damaged
335,13978,2023-05-12,1,Not as described
336,30252,2023-02-26,1,Not as described
337,27803,2023-08-09,1,Wrong item
338,270,2024-06-13,2,Damaged
339,14245,2023-11-29,2,Damaged
340,22807,2023-01-28,1,Damaged
341,10212,2024-01-06,3,Changed mind
342,14754,2024-01-05,2,Damaged
343,17382,2024-03-12,1,Late delivery
344,34156,2024-10-19,1,Changed mind
345,32878,2023-03-01,1,Damaged
346,39148,2024-11-13,1,Late delivery
347,29034,2024-03-11,2,Damaged
348,2365,2024-10-15,2,Changed mind
349,39209,2024-07-23,1,Late delivery
350,17189,2023-08-10,2,Wrong item
351,14343,2023-06-07,1,Not as described
352,18884,2024-04-13,1,Wrong item
353,480,2024-06-20,1,Changed mind
354,9684,2023-06-25,2,Late delivery
355,24990,2024-04-23,1,Changed mind
356,64,2024-10-24,1,Late delivery
357,7980,2023-10-14,2,Damaged
358,17384,2024-10-06,2,Damaged
359,11744,2024-05-17,5,Changed mind
360,7686,2023-12-09,1,Changed mind
361,27696,2024-07-24,1,Not as described
362,17381,2024-03-01,1,Not as described
363,5165,2024-10-31,1,Not as described
364,1541,2024-11-04,1,Not as described
365,6194,2023-07-21,1,Changed mind
366,8495,2023-12-10,1,Damaged
367,15852,2023-11-15,3,Not as described
368,7255,2024-11-04,1,Wrong item
369,22205,2023-09-29,1,Wrong item
370,21952,2023-01-02,1,Wrong item
371,37452,2023-09-22,2,Changed mind
372,13708,2023-08-20,1,Changed mind
373,32304,2024-01-24,3,Damaged
374,39441,2023-10-19,1,Not as described
375,15102,2024-01-21,1,Late delivery
376,35816,2023-07-25,1,Late delivery
377,20702,2024-09-14,1,Not as described
378,14227,2023-07-27,1,Damaged
379,28667,2024-05-21,1,Damaged
380,13998,2023-09-19,2,Late delivery
381,30045,2023-06-16,1,Wrong item
382,8570,2023-03-05,1,Late delivery
383,27597,2023-07-11,1,Changed mind
384,36425,2024-12-10,2,Wrong item
385,25563,2024-09-13,4,Damaged
386,15097,2024-01-24,2,Changed mind
387,27023,2024-08-30,1,Changed mind
388,35478,2023-11-21,3,Damaged
389,26124,2024-01-08,2,Damaged
390,4225,2024-02-09,3,Damaged
391,1559,2023-04-08,1,Changed mind
392,600,2023-06-04,1,Late delivery
393,24379,2023-11-28,1,Damaged
394,34370,2023-05-19,1,Not as described
395,4798,2024-12-17,1,Changed mind
396,512,2024-06-14,2,Not as described
397,26980,2024-01-20,1,Wrong item
398,490,2024-08-04,5,Wrong item
399,6824,2024-05-16,1,Late delivery
400,16279,2024-03-12,1,Damaged
401,24283,2023-07-31,1,Not as described
402,25750,2024-07-19,1,Damaged
403,37328,2024-12-23,1,Changed mind
404,21654,2023-04-25,1,Not as described
405,36949,2024-05-07,2,Wrong item
406,3745,2023-06-07,1,Changed mind
407,39139,2024-09-29,1,Not as described
408,33161,2024-01-05,1,Damaged
409,13788,2024-05-29,2,Changed mind
410,14385,2023-08-18,4,Late delivery
411,2128,2023-01-31,1,Late delivery
412,31369,2023-09-01,1,Not as described
413,19670,2024-05-04,1,Wrong item
414,37841,2023-03-12,3,Wrong item
415,37954,2024-01-04,1,Wrong item
416,9497,2024-07-01,2,Late delivery
417,19738,2023-02-25,1,Wrong item
418,16662,2024-09-03,3,Wrong item
419,4940,2023-12-08,2,Not as described
420,7942,2023-10-09,1,Wrong item
421,27139,2024-01-09,1,Changed mind
422,3123,2024-05-21,1,Not as described
423,7240,2024-10-24,3,Damaged
424,37861,2023-06-30,1,Late delivery
425,26997,2023-05-02,1,Late delivery
426,18982,2023-04-24,1,Late delivery
427,31845,2024-03-06,1,Not as described
428,38668,2023-05-30,3,Not as described
429,7560,2023-12-03,1,Changed mind
430,20438,2023-03-27,2,Changed mind
431,22875,2023-06-03,2,Late delivery
432,36915,2024-02-09,1,Late delivery
433,17795,2023-03-27,1,Damaged
434,11783,2023-08-28,1,Late delivery
435,32358,2023-05-22,1,Damaged
436,28901,2023-01-13,1,Wrong item
437,11384,2024-06-11,1,Changed mind
438,26007,2024-08-28,1,Damaged
439,21391,2023-02-11,1,Late delivery
440,10483,2023-04-12,1,Damaged
441,22936,2024-02-29,1,Damaged
442,7073,2024-01-11,1,Changed mind
443,28117,2024-05-25,2,Wrong item
444,15994,2023-07-08,1,Changed mind
445,24878,2024-06-17,3,Damaged
446,18609,2023-08-10,1,Changed mind
447,18252,2024-07-14,1,Wrong item
448,3369,2023-01-05,2,Not as described
449,11349,2024-12-29,1,Not as described
450,12267,2023-06-07,1,Wrong item
451,19396,2023-11-14,1,Not as described
452,19949,2023-05-20,2,Not as described
453,34300,2024-01-11,1,Late delivery
454,25984,2024-05-02,1,Wrong item
455,23024,2023-09-18,1,Changed mind
456,16296,2023-10-30,1,Not as described
457,9239,2023-05-01,1,Wrong item
458,30287,2024-03-25,1,Not as described
459,29888,2023-09-26,1,Changed mind
460,28281,2023-04-28,1,Late delivery
461,37272,2023-04-10,5,Wrong item
462,14197,2024-07-20,1,Changed mind
463,16574,2024-10-11,2,Late delivery
464,10315,2024-08-01,1,Changed mind
465,3219,2023-08-17,1,Late delivery
466,37453,2023-04-09,1,Damaged
467,6258,2024-04-09,2,Changed mind
468,34048,2023-06-22,4,Changed mind
469,2716,2023-04-23,3,Changed mind
470,37342,2023-11-30,2,Wrong item
471,29650,2023-12-23,2,Late delivery
472,35328,2023-07-20,1,Damaged
473,29825,2024-06-30,1,Damaged
474,14753,2023-09-14,1,Wrong item
475,29992,2024-09-12,1,Changed mind
476,17270,2023-04-29,1,Late delivery
477,15404,2024-10-21,3,Not as described
478,1581,2024-06-18,2,Changed mind
479,38659,2023-02-09,1,Changed mind
480,3718,2024-02-08,1,Not as described
481,11399,2023-04-14,1,Not as described
482,26585,2023-11-25,1,Changed mind
483,13928,2024-06-10,1,Late delivery
484,23483,2024-09-21,1,Wrong item
485,33230,2023-01-20,2,Damaged
486,23015,2024-01-12,1,Not as described
487,11748,2023-09-28,1,Wrong item
488,35870,2024-04-06,2,Damaged
489,5461,2024-10-18,1,Wrong item
490,5167,2024-10-15,1,Changed mind
491,34270,2024-12-03,1,Damaged
492,11216,2024-02-04,1,Late delivery
493,12366,2024-08-02,1,Changed mind
494,14947,2023-03-24,1,Wrong item
495,11948,2023-12-13,1,Changed mind
496,36314,2024-08-13,1,Late delivery
497,32168,2024-05-21,1,Late delivery
498,25170,2023-06-19,1,Changed mind
499,21659,2023-02-28,1,Changed mind
500,730,2024-08-18,1,Wrong item
501,27789,2023-03-18,1,Damaged
502,26458,2023-12-06,1,Not as described
503,23726,2023-01-20,2,Not as described
504,12947,2024-11-19,1,Wrong item
505,629,2023-03-03,1,Damaged
506,28872,2024-07-06,5,Not as described
507,24503,2024-10-15,1,Damaged
508,30067,2023-04-10,1,Wrong item
509,37291,2023-08-12,1,Not as described
510,28778,2024-12-16,1,Changed mind
511,30097,2024-07-14,1,Late delivery
512,20609,2023-01-12,1,Wrong item
513,37097,2024-08-13,1,Damaged
514,12312,2023-05-28,1,Damaged
515,14663,2023-11-28,1,Wrong item
516,24667,2023-02-12,1,Late delivery
517,1234,2023-06-02,2,Not as described
518,31580,2023-11-23,1,Changed mind
519,19417,2023-01-07,1,Changed mind
520,6029,2024-02-24,1,Late delivery
521,9780,2023-04-20,1,Not as described
522,10290,2024-01-01,1,Not as described
523,28325,2024-02-06,1,Not as described
524,38979,2023-03-28,1,Damaged
525,24940,2023-09-29,1,Changed mind
526,17046,2024-09-09,1,Wrong item
527,32577,2024-07-05,2,Not as described
528,14862,2023-12-11,2,Damaged
529,25062,2024-07-08,1,Late delivery
530,32744,2023-10-06,3,Late delivery
531,16947,2024-06-25,1,Changed mind
532,11610,2024-02-12,2,Not as described
533,11241,2023-08-04,1,Changed mind
534,31505,2024-03-29,1,Changed mind
535,12303,2024-03-12,1,Late delivery
536,363,2024-01-05,1,Wrong item
537,19187,2023-10-05,1,Changed mind
538,2591,2024-07-11,1,Wrong item
539,5773,2023-10-03,1,Damaged
540,10454,2024-09-05,1,Wrong item
541,29676,2024-09-21,1,Damaged
542,3140,2024-05-06,1,Damaged
543,24157,2023-05-04,1,Late delivery
544,25885,2024-02-10,1,Changed mind
545,33087,2024-10-15,1,Not as described
546,10491,2023-02-23,1,Changed mind
547,31496,2024-09-13,1,Changed mind
548,18632,2023-02-04,2,Wrong item
549,15644,2024-05-25,1,Wrong item
550,14085,2024-11-11,1,Changed mind
551,34707,2024-07-06,1,Damaged
552,38065,2024-03-29,1,Not as described
553,26852,2023-06-13,1,Wrong item
554,6068,2023-03-26,1,Late delivery
555,34886,2024-04-22,1,Not as described
556,543,2024-04-13,2,Wrong item
557,34475,2024-05-24,2,Late delivery
558,21224,2023-06-25,1,Changed mind
559,23537,2024-02-02,2,Not as described
560,6655,2024-03-24,5,Damaged
561,30329,2023-11-09,1,Late delivery
562,15001,2023-06-25,2,Not as described
563,18504,2023-10-10,1,Wrong item
564,29740,2023-10-16,2,Wrong item
565,21964,2023-05-25,2,Changed mind
566,2368,2023-06-29,2,Not as described
567,38926,2023-03-14,2,Wrong item
568,24405,2023-06-26,1,Damaged
569,24197,2023-07-07,1,Changed mind
570,32725,2024-11-04,1,Changed mind
571,3325,2023-09-15,1,Wrong item
572,29929,2024-02-06,2,Late delivery
573,32333,2024-07-13,2,Wrong item
574,3591,2023-11-22,1,Damaged
575,36992,2023-05-17,1,Changed mind
576,36727,2023-11-09,1,Changed mind
577,15870,2024-01-29,1,Wrong item
578,28732,2024-10-01,2,Wrong item
579,20509,2023-09-27,3,Changed mind
580,7923,2023-01-15,1,Wrong item
581,7613,2023-07-01,3,Late delivery
582,16107,2024-10-13,1,Wrong item
583,34511,2024-02-22,1,Late delivery
584,32037,2023-09-12,2,Not as described
585,38529,2024-05-05,3,Wrong item
586,5332,2024-08-17,3,Wrong item
587,10641,2023-01-07,1,Damaged
588,10405,2024-11-21,3,Damaged
589,3304,2023-08-07,1,Not as described
590,6714,2023-07-29,1,Wrong item
591,37344,2024-09-18,1,Damaged
592,22166,2024-11-21,1,Wrong item
593,8399,2024-10-26,1,Wrong item
594,9234,2024-03-06,1,Damaged
595,15091,2023-10-24,1,Late delivery
596,3435,2024-05-22,1,Wrong item
597,34559,2023-02-07,2,Changed mind
598,21737,2023-03-24,2,Damaged
599,22559,2023-02-07,2,Changed mind
600,38256,2023-03-02,1,Changed mind
601,26878,2023-11-12,1,Changed mind
602,33067,2024-05-28,1,Not as described
603,26528,2023-06-09,1,Damaged
604,36209,2023-04-25,1,Not as described
605,3795,2024-04-28,2,Damaged
606,23988,2023-02-15,2,Wrong item
607,16210,2023-01-01,1,Changed mind
608,37387,2023-02-07,1,Wrong item
609,38938,2023-08-30,2,Late delivery
610,21895,2024-06-11,1,Damaged
611,34142,2024-08-17,1,Late delivery
612,18782,2023-05-08,1,Wrong item
613,14787,2023-03-22,3,Late delivery
614,24838,2024-04-22,1,Damaged
615,37566,2024-03-31,1,Not as described
616,10349,2024-05-23,1,Late delivery
617,33898,2024-02-21,2,Not as described
618,10803,2024-05-02,1,Wrong item
619,37763,2024-12-09,1,Not as described
620,7139,2024-03-18,3,Changed mind
621,6941,2023-06-19,1,Wrong item
622,32712,2024-12-06,2,Not as described
623,34943,2024-04-06,2,Damaged
624,28566,2023-10-28,2,Damaged
625,22323,2024-06-23,2,Wrong item
626,29083,2024-07-31,1,Not as described
627,13135,2023-01-31,1,Wrong item
628,13807,2024-01-16,1,Not as described
629,9836,2023-05-31,3,Not as described
630,17544,2023-05-28,3,Damaged
631,5148,2023-03-29,1,Not as described
632,31576,2023-05-23,1,Damaged
633,34960,2023-10-13,1,Not as described
634,28923,2023-11-22,1,Damaged
635,8609,2024-06-24,1,Changed mind
636,6134,2024-07-25,1,Wrong item
637,8742,2023-11-01,1,Changed mind
638,9152,2023-02-25,1,Wrong item
639,29814,2023-07-25,1,Not as described
640,25227,2024-11-18,2,Not as described
641,37855,2023-04-29,1,Damaged
642,11082,2023-02-03,1,Changed mind
643,6845,2023-10-26,1,Not as described
644,3324,2023-04-09,1,Late delivery
645,7651,2023-03-29,1,Damaged
646,2406,2023-07-25,1,Not as described
647,37230,2024-08-20,1,Not as described
648,31030,2023-01-28,1,Changed mind
649,30692,2023-04-30,2,Changed mind
650,14123,2023-07-28,1,Not as described
651,4886,2024-03-23,1,Changed mind
652,30406,2024-04-05,1,Wrong item
653,39518,2024-05-30,1,Not as described
654,2947,2024-02-07,1,Late delivery
655,16396,2024-09-29,1,Changed mind
656,36876,2024-02-28,1,Damaged
657,22780,2024-03-17,1,Wrong item
658,17378,2023-07-13,2,Damaged
659,11615,2024-10-21,1,Wrong item
660,5159,2024-05-21,1,Late delivery
661,23188,2023-08-16,4,Changed mind
662,29098,2024-06-17,2,Late delivery
663,29631,2023-04-08,1,Damaged
664,37845,2023-03-24,1,Not as described
665,22967,2024-12-12,2,Changed mind
666,9392,2024-01-20,1,Wrong item
667,15942,2024-10-04,1,Late delivery
668,36237,2024-10-22,1,Damaged
669,6074,2023-03-30,1,Not as described
670,34832,2024-05-25,1,Not as described
671,13741,2023-04-03,1,Changed mind
672,19068,2023-09-06,1,Damaged
673,30945,2023-04-09,1,Changed mind
674,7739,2023-04-28,1,Late delivery
675,38165,2023-06-03,2,Not as described
676,34781,2023-04-06,1,Wrong item
677,35306,2023-05-23,1,Wrong item
678,22078,2024-02-22,1,Late delivery
679,32535,2024-05-20,3,Damaged
680,33096,2024-10-03,1,Wrong item
681,11047,2024-08-15,1,Damaged
682,332,2023-08-16,1,Not as described
683,8726,2023-03-12,2,Changed mind
684,6640,2024-09-12,1,Late delivery
685,5212,2023-10-11,2,Changed mind
686,28111,2024-05-07,2,Wrong item
687,6759,2024-12-24,5,Damaged
688,11698,2024-09-26,1,Not as described
689,1359,2024-10-15,1,Late delivery
690,6704,2023-05-23,1,Damaged
691,21853,2023-12-24,1,Wrong item
692,13774,2024-01-08,1,Not as described
693,31944,2023-10-19,2,Damaged
694,24994,2023-10-05,2,Changed mind
695,12605,2024-07-16,3,Not as described
696,33328,2024-06-09,1,Late delivery
697,35254,2023-10-06,1,Not as described
698,15205,2024-09-20,1,Not as described
699,21689,2024-03-18,1,Wrong item
700,36480,2024-09-23,1,Wrong item
701,19640,2023-05-21,1,Wrong item
702,12041,2023-10-07,2,Not as described
703,20055,2023-07-13,5,Wrong item
704,37151,2024-08-10,1,Late delivery
705,26460,2023-05-01,1,Not as described
706,14143,2024-09-28,2,Not as described
707,35714,2023-07-26,1,Late delivery
708,506,2023-05-08,1,Not as described
709,17666,2023-09-04,1,Not as described
710,20412,2024-10-31,1,Changed mind
711,38004,2024-09-27,1,Wrong item
712,37624,2023-07-27,1,Damaged
713,27741,2024-06-23,2,Damaged
714,30988,2024-09-06,1,Late delivery
715,28701,2023-12-12,1,Late delivery
716,17069,2023-10-05,1,Changed mind
717,37201,2024-03-19,1,Damaged
718,32930,2023-09-09,1,Not as described
719,17605,2024-01-02,1,Changed mind
720,7797,2023-10-30,5,Changed mind
721,4629,2023-05-15,1,Late delivery
722,27478,2023-08-22,1,Changed mind
723,25188,2024-10-01,3,Not as described
724,5032,2024-03-25,1,Not as described
725,8197,2023-05-18,1,Changed mind
726,13642,2024-04-06,1,Damaged
727,3952,2024-08-19,2,Damaged
728,18944,2024-02-27,1,Not as described
729,31862,2024-04-28,1,Late delivery
730,8176,2023-11-24,1,Changed mind
731,15811,2024-05-26,2,Late delivery
732,38430,2023-03-24,1,Wrong item
733,17943,2024-02-10,2,Not as described
734,25957,2024-12-16,1,Late delivery
735,5217,2023-12-21,1,Changed mind
736,6870,2023-09-12,1,Changed mind
737,34653,2023-05-10,1,Not as described
738,30876,2024-02-08,1,Wrong item
739,24349,2024-03-11,1,Not as described
740,19467,2024-06-06,1,Late delivery
741,5153,2024-11-14,1,Wrong item
742,6126,2024-09-04,1,Not as described
743,33074,2023-05-20,1,Changed mind
744,38409,2024-02-06,2,Not as described
745,2547,2023-04-06,2,Damaged
746,20399,2023-12-12,2,Not as described
747,22723,2023-01-31,2,Wrong item
748,5042,2023-05-07,5,Late delivery
749,39326,2024-12-07,2,Damaged
750,5553,2023-11-28,1,Late delivery
751,10484,2023-04-13,1,Changed mind
752,36762,2023-07-28,2,Late delivery
753,7871,2023-09-02,1,Late delivery
754,3903,2024-02-26,1,Wrong item
755,29178,2023-10-05,1,Not as described
756,17028,2023-04-10,1,Not as described
757,993,2023-04-27,1,Damaged
758,39356,2023-08-18,1,Changed mind
759,17904,2024-10-01,1,Damaged
760,7009,2024-06-03,1,Not as described
761,4684,2023-06-25,2,Changed mind
762,7233,2023-03-04,1,Not as described
763,12373,2023-12-02,1,Wrong item
764,3119,2024-11-09,1,Changed mind
765,10731,2023-12-15,2,Late delivery
766,24121,2023-04-12,1,Not as described
767,30415,2023-02-10,1,Not as described
768,33195,2024-03-02,2,Not as described
769,14968,2023-06-28,1,Late delivery
770,38464,2024-07-15,1,Changed mind
771,23023,2024-03-06,1,Damaged
772,10066,2024-02-05,1,Damaged
773,37528,2024-11-29,1,Changed mind
774,20407,2024-02-07,1,Changed mind
775,20612,2023-08-21,2,Late delivery
776,30629,2024-06-19,3,Late delivery
777,1371,2024-05-25,1,Changed mind
778,15746,2023-11-30,3,Wrong item
779,35180,2023-03-10,1,Late delivery
780,24515,2024-05-31,3,Wrong item
781,9348,2023-01-16,1,Damaged
782,12435,2024-02-09,1,Damaged
783,26266,2023-11-13,1,Not as described
784,1716,2023-05-13,1,Damaged
785,23697,2024-11-16,1,Late delivery
786,17299,2023-05-23,1,Wrong item
787,30303,2023-11-12,1,Not as described
788,33024,2024-09-13,1,Wrong item
789,9716,2024-05-23,2,Late delivery
790,10247,2024-10-10,1,Wrong item
791,18438,2023-09-06,1,Not as described
792,22175,2024-04-17,1,Wrong item
793,5629,2023-03-03,2,Late delivery
794,5636,2024-04-10,1,Changed mind
795,26191,2023-08-07,1,Wrong item
796,2386,2023-01-10,1,Not as described
797,35276,2024-08-31,1,Damaged
798,14628,2024-08-02,1,Damaged
799,25800,2023-11-19,1,Damaged
800,15072,2024-11-24,2,Not as described
801,26502,2023-12-06,1,Late delivery
802,5241,2024-04-30,1,Not as described
803,106,2024-10-12,1,Late delivery
804,23108,2023-07-19,1,Not as described
805,6227,2023-04-16,3,Late delivery
806,16277,2023-09-11,1,Damaged
807,20945,2024-11-23,1,Wrong item
808,446,2023-01-25,1,Changed mind
809,30418,2024-10-22,1,Changed mind
810,35327,2023-10-13,1,Not as described
811,2108,2023-09-17,2,Damaged
812,5787,2023-10-23,1,Changed mind
813,31090,2024-05-25,1,Changed mind
814,24126,2023-04-29,2,Changed mind
815,25052,2024-03-25,1,Changed mind
816,5951,2023-12-15,2,Not as described
817,18888,2023-09-19,1,Changed mind
818,39052,2023-10-16,1,Late delivery
819,8037,2024-04-01,2,Wrong item
820,21794,2023-06-27,1,Not as described
821,17491,2023-06-07,2,Not as described
822,27338,2024-03-06,1,Wrong item
823,28988,2023-07-17,1,Changed mind
824,38986,2023-03-31,1,Not as described
825,10072,2024-03-25,2,Late delivery
826,18000,2024-06-23,1,Not as described
827,29611,2023-12-05,3,Changed mind
828,8859,2023-05-09,1,Wrong item
829,35661,2023-03-30,1,Wrong item
830,19377,2024-12-13,1,Changed mind
831,4814,2024-04-17,1,Damaged
832,38724,2024-02-01,1,Not as described
833,24683,2023-09-26,1,Late delivery
834,7317,2024-07-26,1,Changed mind
835,26032,2024-06-17,1,Wrong item
836,1275,2024-07-27,3,Damaged
837,30851,2024-08-30,1,Late delivery
838,18470,2024-05-01,1,Wrong item
839,11286,2023-04-03,1,Damaged
840,8432,2023-09-21,4,Not as described
841,2561,2023-10-17,1,Wrong item
842,12692,2024-05-04,1,Late delivery
843,27125,2024-12-09,1,Late delivery
844,21528,2024-07-21,1,Wrong item
845,19646,2024-06-25,1,Wrong item
846,19801,2023-05-27,3,Late delivery
847,19722,2024-03-07,1,Wrong item
848,9635,2024-02-03,1,Late delivery
849,15911,2023-08-12,2,Wrong item
850,1914,2024-08-16,3,Changed mind
851,11284,2023-12-02,1,Wrong item
852,31461,2024-03-20,1,Damaged
853,4593,2024-05-23,1,Wrong item
854,33264,2023-12-17,1,Not as described
855,23248,2023-09-29,1,Not as described
856,28888,2024-10-04,3,Changed mind
857,35880,2024-06-01,1,Late delivery
858,13403,2023-07-05,2,Damaged
859,24952,2024-02-10,2,Not as described
860,20657,2023-08-16,1,Wrong item
861,19495,2023-12-27,1,Changed mind
862,22074,2023-06-19,1,Not as described
863,14368,2023-10-27,1,Late delivery
864,26126,2023-09-22,1,Changed mind
865,16874,2024-03-18,1,Late delivery
866,37265,2024-09-27,2,Changed mind
867,16175,2023-05-14,2,Wrong item
868,7807,2024-01-19,2,Damaged
869,15412,2024-07-25,1,Late delivery
870,25623,2023-12-01,1,Wrong item
871,38325,2023-12-01,1,Late delivery
872,39331,2023-02-19,1,Not as described
873,15663,2023-04-06,1,Wrong item
874,24589,2024-12-13,2,Late delivery
875,5323,2024-06-20,1,Late delivery
876,24453,2023-06-06,1,Not as described
877,8982,2023-03-21,1,Late delivery
878,14383,2024-07-12,1,Wrong item
879,2500,2024-01-07,4,Late delivery
880,11952,2023-10-27,1,Not as described
881,8052,2024-08-13,1,Late delivery
882,25226,2024-11-13,1,Late delivery
883,19262,2023-04-05,1,Not as described
884,4905,2024-10-12,1,Damaged
885,12795,2023-09-13,2,Damaged
886,35918,2024-07-30,1,Wrong item
887,15010,2024-11-27,3,Wrong item
888,29656,2024-05-01,1,Not as described
889,37626,2024-06-22,2,Late delivery
890,7388,2024-01-25,1,Late delivery
891,22885,2024-08-05,2,Wrong item
892,21870,2023-11-21,2,Damaged
893,32306,2023-10-12,1,Late delivery
894,38872,2024-07-25,1,Late delivery
895,28797,2024-06-25,1,Damaged
896,16655,2023-01-02,2,Changed mind
897,34995,2024-11-21,1,Not as described
898,32873,2023-07-31,3,Changed mind
899,33963,2024-07-03,2,Late delivery
900,13183,2024-12-24,1,Not as described
901,5058,2024-01-28,2,Not as described
902,33154,2024-12-15,3,Late delivery
903,19590,2023-12-31,1,Not as described
904,7864,2023-02-14,1,Not as described
905,35055,2024-12-06,1,Not as described
906,935,2024-11-24,1,Wrong item
907,4754,2024-11-05,2,Not as described
908,37154,2024-03-08,1,Damaged
909,6487,2023-12-14,1,Changed mind
910,26467,2023-05-07,1,Damaged
911,2451,2024-12-05,1,Damaged
912,13166,2024-02-11,1,Not as described
913,12368,2024-05-11,1,Changed mind
914,35161,2023-08-10,1,Not as described
915,23426,2023-02-03,1,Changed mind
916,37241,2023-04-05,2,Wrong item
917,22614,2023-01-10,1,Damaged
918,11467,2023-12-06,1,Changed mind
919,19985,2023-12-30,1,Late delivery
920,10797,2024-07-20,1,Damaged
921,21452,2024-06-30,1,Damaged
922,25064,2023-11-01,1,Late delivery
923,9787,2023-08-01,1,Not as described
924,3323,2024-11-03,2,Changed mind
925,31745,2024-05-03,1,Changed mind
926,7802,2024-06-02,2,Late delivery
927,5486,2023-09-30,2,Changed mind
928,27086,2024-05-27,1,Not as described
929,31097,2023-08-02,1,Damaged
930,33914,2023-01-26,2,Changed mind
931,35663,2023-10-06,1,Wrong item
932,32531,2023-11-27,3,Wrong item
933,32750,2023-02-04,1,Wrong item
934,37390,2024-12-25,1,Late delivery
935,15074,2024-12-16,1,Not as described
936,23571,2023-05-08,1,Not as described
937,3972,2024-10-29,1,Damaged
938,27019,2023-02-15,1,Wrong item
939,1618,2024-12-27,2,Damaged
940,5264,2024-07-10,1,Damaged
941,22909,2024-06-03,1,Not as described
942,30793,2024-12-13,4,Damaged
943,37077,2023-02-19,2,Wrong item
944,4271,2024-02-11,1,Late delivery
945,2812,2023-12-10,1,Not as described
946,33844,2023-06-10,1,Wrong item
947,7985,2023-04-29,1,Not as described
948,29866,2024-11-24,1,Damaged
949,10369,2024-02-23,3,Not as described
950,11365,2024-09-28,2,Not as described
951,30543,2023-09-16,1,Wrong item
952,36573,2024-08-02,1,Damaged
953,21339,2023-11-05,2,Damaged
954,14290,2023-09-11,2,Wrong item
955,13396,2024-11-17,1,Late delivery
956,12031,2024-03-08,1,Wrong item
957,20581,2024-04-30,2,Changed mind
958,9739,2023-02-18,1,Not as described
959,2091,2024-05-12,1,Damaged
960,19439,2024-12-12,2,Changed mind
961,6521,2024-10-18,1,Wrong item
962,24032,2024-07-15,1,Not as described
963,7291,2024-04-18,1,Late delivery
964,19441,2023-02-13,1,Damaged
965,21311,2023-09-29,3,Damaged
966,32885,2024-08-25,1,Not as described
967,31483,2024-09-26,1,Changed mind
968,24709,2024-05-02,1,Damaged
969,23204,2023-07-03,1,Late delivery
970,17320,2024-02-03,1,Wrong item
971,15391,2023-01-12,1,Changed mind
972,38112,2023-09-28,1,Changed mind
973,13547,2024-06-06,3,Wrong item
974,14063,2023-06-22,3,Not as described
975,27203,2023-07-29,1,Not as described
976,32116,2023-11-23,2,Late delivery
977,25766,2023-09-15,2,Changed mind
978,34255,2023-01-23,1,Wrong item
979,18875,2024-08-19,1,Damaged
980,7535,2024-12-05,1,Not as described
981,34986,2023-06-07,1,Late delivery
982,5510,2023-04-28,2,Late delivery
983,9410,2023-08-16,1,Late delivery
984,30392,2024-07-05,2,Damaged
985,21158,2023-01-19,1,Late delivery
986,24465,2024-10-24,1,Late delivery
987,19335,2024-10-25,1,Wrong item
988,22790,2024-12-24,1,Not as described
989,22797,2023-06-10,1,Wrong item
990,10972,2023-01-21,1,Changed mind
991,21912,2024-01-04,3,Wrong item
992,1989,2023-01-08,1,Wrong item
993,152,2024-06-29,1,Late delivery
994,9192,2023-06-25,2,Wrong item
995,16158,2023-02-03,1,Damaged
996,19751,2024-03-06,1,Wrong item
997,35517,2024-01-24,2,Wrong item
998,27207,2024-09-15,2,Damaged
999,38638,2024-06-15,1,Not as described
1000,13010,2023-09-20,2,Late delivery
1001,32726,2024-05-14,1,Wrong item
1002,33895,2023-08-01,1,Late delivery
1003,4040,2024-08-02,1,Not as described
1004,38847,2024-05-12,1,Not as described
1005,8145,2023-05-24,2,Late delivery
1006,23687,2023-07-01,1,Damaged
1007,38965,2024-11-06,1,Late delivery
1008,21199,2024-12-16,3,Late delivery
1009,27936,2024-05-08,1,Late delivery
1010,12383,2023-08-29,1,Wrong item
1011,25065,2024-08-14,1,Not as described
1012,27884,2024-02-07,1,Wrong item
1013,23649,2024-04-10,2,Wrong item
1014,1816,2024-02-13,2,Changed mind
1015,14304,2023-06-17,2,Damaged
1016,11178,2024-08-12,3,Not as described
1017,29500,2024-01-02,1,Not as described
1018,31110,2024-12-28,3,Damaged
1019,29574,2024-05-13,1,Damaged
1020,18030,2024-08-24,1,Wrong item
1021,1495,2023-11-17,3,Changed mind
1022,20792,2024-08-13,1,Damaged
1023,32863,2023-07-03,1,Damaged
1024,36791,2024-01-25,5,Changed mind
1025,10318,2024-04-01,1,Damaged
1026,12233,2023-09-13,2,Late delivery
1027,33729,2024-05-06,1,Damaged
1028,38280,2023-11-21,1,Late delivery
1029,28130,2023-02-08,2,Changed mind
1030,21166,2024-02-05,2,Not as described
1031,5397,2024-04-20,1,Wrong item
1032,29796,2024-08-15,1,Not as described
1033,6330,2024-11-08,2,Changed mind
1034,6157,2024-01-17,1,Damaged
1035,17503,2024-05-02,1,Wrong item
1036,31118,2024-07-09,1,Late delivery
1037,5980,2023-05-27,1,Wrong item
1038,27508,2024-07-09,1,Wrong item
1039,26446,2024-05-28,1,Changed mind
1040,15673,2024-08-17,3,Not as described
1041,28856,2023-11-05,1,Wrong item
1042,19160,2023-09-22,1,Not as described
1043,14324,2023-08-15,1,Wrong item
1044,4913,2024-12-25,1,Late delivery
1045,12243,2024-01-15,1,Damaged
1046,18313,2023-12-09,2,Changed mind
1047,38811,2023-07-14,1,Wrong item
1048,22810,2023-11-18,3,Late delivery
1049,36077,2024-08-03,1,Damaged
1050,30214,2023-02-16,1,Wrong item
1051,5890,2023-03-05,1,Damaged
1052,9297,2024-05-31,2,Changed mind
1053,37964,2023-03-07,4,Changed mind
1054,11638,2024-05-13,1,Late delivery
1055,6643,2023-01-26,1,Changed mind
1056,5892,2024-03-10,1,Wrong item
1057,23073,2023-07-27,1,Not as described
1058,27472,2024-11-11,1,Not as described
1059,33598,2023-05-27,1,Late delivery
1060,12704,2024-04-30,1,Damaged
1061,11440,2024-11-07,1,Changed mind
1062,1788,2024-07-03,1,Late delivery
1063,5925,2024-12-23,1,Not as described
1064,29899,2024-03-28,5,Not as described
1065,37544,2023-02-11,1,Changed mind
1066,5421,2024-10-18,1,Not as described
1067,6974,2023-03-07,1,Late delivery
1068,29252,2023-11-25,1,Damaged
1069,26389,2024-08-18,1,Not as described
1070,21427,2024-09-25,2,Wrong item
1071,34685,2024-05-01,1,Changed mind
1072,24499,2024-05-10,3,Late delivery
1073,7996,2023-07-12,1,Changed mind
1074,38591,2023-10-03,2,Late delivery
1075,501,2024-02-07,1,Not as described
1076,22709,2024-01-22,1,Damaged
1077,11120,2023-10-01,1,Changed mind
1078,3605,2023-03-22,1,Changed mind
1079,34845,2023-07-18,2,Damaged
1080,2941,2023-11-03,1,Not as described
1081,18045,2023-01-16,4,Wrong item
1082,8250,2023-02-12,1,Wrong item
1083,15100,2023-04-19,1,Late delivery
1084,5729,2023-09-02,1,Late delivery
1085,28252,2023-06-07,1,Not as described
1086,22079,2023-01-15,1,Damaged
1087,10965,2023-01-10,1,Damaged
1088,25997,2024-04-27,2,Wrong item
1089,30958,2024-08-09,1,Wrong item
1090,12464,2023-10-08,1,Not as described
1091,8481,2024-10-15,3,Not as described
1092,14705,2024-07-03,1,Not as described
1093,30996,2024-05-08,2,Late delivery
1094,770,2024-02-05,1,Not as described
1095,35509,2024-05-14,1,Changed mind
1096,21584,2023-08-08,1,Damaged
1097,20817,2023-01-31,1,Wrong item
1098,15580,2023-07-07,1,Not as described
1099,19711,2024-05-17,1,Wrong item
1100,24234,2024-07-12,1,Not as described
1101,32053,2023-07-27,1,Not as described
1102,19591,2023-08-26,1,Late delivery
1103,22358,2024-04-26,2,Wrong item
1104,10820,2024-03-24,1,Late delivery
1105,36254,2024-07-16,3,Late delivery
1106,38367,2023-02-22,1,Late delivery
1107,17231,2024-07-17,2,Changed mind
1108,17200,2024-03-18,1,Wrong item
1109,28880,2023-10-11,1,Not as described
1110,22096,2024-07-19,2,Wrong item
1111,20835,2024-09-13,1,Late delivery
1112,2953,2024-07-07,1,Changed mind
1113,1291,2024-11-13,1,Changed mind
1114,15427,2023-07-20,1,Not as described
1115,37445,2023-01-03,1,Damaged
1116,4650,2023-03-31,1,Late delivery
1117,11935,2024-12-07,1,Not as described
1118,25638,2023-12-17,1,Damaged
1119,5021,2023-12-25,1,Damaged
1120,146,2023-08-16,1,Late delivery
1121,9736,2024-04-21,1,Wrong item
1122,15760,2023-10-06,2,Not as described
1123,17289,2023-01-16,1,Late delivery
1124,24510,2023-05-29,3,Wrong item
1125,25325,2023-09-03,1,Changed mind
1126,30278,2023-08-01,5,Late delivery
1127,30036,2023-07-17,1,Wrong item
1128,12971,2024-04-19,1,Changed mind
1129,31317,2024-06-21,1,Changed mind
1130,27435,2023-04-08,1,Changed mind
1131,28009,2023-09-01,1,Late delivery
1132,15531,2024-12-05,1,Not as described
1133,11158,2024-10-22,1,Wrong item
1134,27118,2023-06-23,1,Changed mind
1135,21186,2024-07-14,1,Damaged
1136,19185,2023-02-11,1,Damaged
1137,319,2023-09-04,1,Changed mind
1138,13299,2024-09-02,2,Damaged
1139,63,2024-02-08,1,Wrong item
1140,33706,2024-07-25,2,Late delivery
1141,1794,2024-10-22,1,Late delivery
1142,38446,2024-10-30,2,Wrong item
1143,8665,2024-07-01,1,Changed mind
1144,8588,2023-03-14,2,Late delivery
1145,14554,2023-05-28,1,Not as described
1146,34680,2023-09-10,2,Late delivery
1147,22280,2023-10-14,1,Damaged
1148,19607,2023-03-27,2,Damaged
1149,6506,2024-12-10,1,Late delivery
1150,18258,2023-05-20,2,Changed mind
1151,26935,2024-11-07,2,Not as described
1152,39296,2024-05-25,1,Late delivery
1153,32702,2023-11-18,1,Late delivery
1154,15437,2024-09-02,2,Late delivery
1155,29651,2024-05-29,2,Damaged
1156,39315,2023-08-03,1,Late delivery
1157,12859,2023-01-06,3,Late delivery
1158,7288,2023-01-20,1,Damaged
1159,29073,2024-03-11,1,Changed mind
1160,1152,2024-04-08,2,Damaged
1161,2249,2024-07-12,1,Wrong item
1162,4394,2023-06-07,2,Damaged
1163,31750,2024-03-07,2,Not as described
1164,16871,2024-05-25,1,Late delivery
1165,20652,2023-12-13,1,Late delivery
1166,9896,2023-09-30,1,Damaged
1167,29791,2023-09-07,1,Not as described
1168,10814,2024-04-29,2,Not as described
1169,8865,2024-09-08,1,Late delivery
1170,33426,2024-03-01,2,Damaged
1171,25572,2024-05-02,1,Changed mind
1172,12831,2024-08-27,2,Not as described
1173,16714,2023-11-06,1,Damaged
1174,39461,2024-12-28,1,Late delivery
1175,30318,2024-02-26,1,Changed mind
1176,3869,2024-10-16,1,Damaged
1177,17095,2023-02-17,2,Not as described
1178,27885,2023-11-01,1,Late delivery
1179,25113,2024-06-12,5,Not as described
1180,34335,2023-11-12,1,Damaged
1181,23673,2023-11-26,1,Not as described
1182,14546,2024-08-21,2,Damaged
1183,21102,2023-08-03,1,Changed mind
1184,6034,2023-06-02,1,Late delivery
1185,24641,2023-01-24,1,Wrong item
1186,24807,2023-11-25,1,Damaged
1187,11232,2023-12-16,2,Wrong item
1188,32510,2023-05-31,2,Damaged
1189,190,2024-02-06,1,Late delivery
1190,4762,2024-01-13,1,Damaged
1191,37147,2023-09-01,1,Wrong item
1192,38895,2023-02-01,1,Late delivery
1193,1196,2023-04-26,1,Changed mind
1194,37543,2024-01-06,1,Changed mind
1195,5883,2024-10-16,1,Late delivery
1196,24816,2024-11-28,1,Changed mind
1197,34469,2024-02-29,3,Not as described
1198,3883,2023-12-08,1,Late delivery
1199,17376,2024-05-13,1,Late delivery
1200,28271,2024-10-08,1,Wrong item
1201,16151,2023-05-30,1,Wrong item
1202,37158,2024-11-01,1,Damaged
1203,33738,2023-10-30,1,Late delivery
1204,163,2023-05-08,1,Wrong item
1205,32456,2024-08-15,1,Not as described
1206,16717,2024-10-15,3,Changed mind
1207,18439,2023-03-15,1,Wrong item
1208,15290,2024-03-03,1,Wrong item
1209,14381,2023-08-18,1,Wrong item
1210,8581,2024-02-01,1,Damaged
1211,24741,2023-02-25,2,Wrong item
1212,19271,2023-12-15,1,Damaged
1213,143,2023-12-22,1,Late delivery
1214,3494,2024-12-01,1,Damaged
1215,13669,2024-10-27,1,Changed mind
1216,37696,2023-07-19,1,Late delivery
1217,24245,2023-09-16,1,Late delivery
1218,108,2023-09-04,1,Wrong item
1219,16091,2024-10-07,1,Changed mind
1220,35915,2024-02-14,1,Not as described
1221,33436,2023-08-14,1,Damaged
1222,22547,2024-12-01,1,Not as described
1223,26135,2024-03-10,2,Damaged
1224,37601,2024-07-26,1,Late delivery
1225,24050,2024-11-11,1,Not as described
1226,24633,2024-09-05,1,Not as described
1227,35823,2024-04-01,1,Wrong item
1228,10593,2023-04-03,3,Damaged
1229,32363,2023-03-05,1,Not as described
1230,38186,2023-11-22,2,Not as described
1231,24638,2023-10-22,1,Changed mind
1232,35162,2023-03-23,1,Damaged
1233,39508,2024-01-11,1,Wrong item
1234,12932,2023-07-07,1,Not as described
1235,7305,2024-05-19,1,Not as described
1236,9418,2023-08-02,1,Late delivery
1237,27041,2024-06-28,1,Wrong item
1238,39091,2024-08-06,2,Changed mind
1239,37584,2024-01-18,1,Not as described
1240,16001,2023-08-15,2,Wrong item
1241,7468,2023-05-19,1,Changed mind
1242,23623,2023-05-25,1,Damaged
1243,36765,2024-09-18,2,Damaged
1244,32104,2023-02-27,1,Damaged
1245,16330,2024-03-26,1,Wrong item
1246,14964,2024-04-12,1,Late delivery
1247,22167,2023-02-24,3,Changed mind
1248,4613,2023-08-13,2,Damaged
1249,8695,2023-06-02,1,Late delivery
1250,31948,2023-03-18,2,Wrong item
1251,35378,2023-10-06,3,Wrong item
1252,19540,2024-11-09,1,Changed mind
1253,4623,2024-12-11,1,Not as described
1254,29528,2023-01-01,1,Damaged
1255,29538,2024-06-07,2,Not as described
1256,17390,2024-03-19,2,Wrong item
1257,8912,2023-12-08,1,Late delivery
1258,3370,2023-02-05,1,Wrong item
1259,23120,2024-01-09,2,Not as described
1260,6042,2023-03-25,3,Late delivery
1261,1245,2024-05-09,1,Damaged
1262,15452,2024-08-01,1,Damaged
1263,5800,2023-02-04,3,Damaged
1264,37178,2023-04-30,1,Damaged
1265,6696,2024-05-11,1,Damaged
1266,32140,2023-01-31,2,Damaged
1267,17540,2024-08-16,1,Changed mind
1268,39284,2023-05-02,1,Damaged
1269,10401,2024-05-14,1,Damaged
1270,27800,2024-08-28,1,Changed mind
1271,20076,2023-06-18,1,Late delivery
1272,29092,2023-08-10,1,Damaged
1273,1800,2024-04-16,1,Damaged
1274,31021,2023-05-19,1,Late delivery
1275,2437,2023-10-10,1,Late delivery
1276,669,2023-02-01,2,Damaged
1277,27992,2024-04-20,1,Changed mind
1278,26368,2024-06-22,1,Changed mind
1279,18086,2023-11-09,2,Not as described
1280,4938,2023-03-06,1,Damaged
1281,12672,2024-03-02,1,Not as described
1282,4032,2023-06-26,1,Wrong item
1283,2214,2024-10-06,1,Late delivery
1284,39011,2023-01-14,1,Changed mind
1285,17664,2023-06-29,1,Changed mind
1286,9624,2024-10-21,2,Not as described
1287,14802,2024-02-01,1,Changed mind
1288,18603,2023-11-18,1,Changed mind
1289,8188,2023-05-15,1,Damaged
1290,36695,2024-03-02,1,Damaged
1291,25316,2024-03-27,2,Damaged
1292,8050,2024-03-11,1,Not as described
1293,10825,2023-04-03,2,Wrong item
1294,6203,2024-10-22,1,Damaged
1295,37977,2024-10-20,1,Wrong item
1296,25574,2024-03-11,1,Not as described
1297,12142,2024-04-22,5,Late delivery
1298,13122,2024-07-15,1,Wrong item
1299,31370,2024-04-18,1,Damaged
1300,27266,2024-04-14,2,Damaged
1301,26586,2024-08-08,1,Damaged
1302,27947,2023-06-29,1,Changed mind
1303,7443,2023-05-04,1,Damaged
1304,15365,2024-02-27,2,Changed mind
1305,9513,2024-12-11,1,Wrong item
1306,4602,2023-07-19,1,Not as described
1307,750,2024-10-24,1,Damaged
1308,19606,2023-02-03,2,Wrong item
1309,1112,2024-09-29,1,Wrong item
1310,2041,2023-02-12,1,Late delivery
1311,19550,2024-09-27,1,Wrong item
1312,28212,2023-12-26,1,Wrong item
1313,32944,2024-02-03,2,Late delivery
1314,25264,2024-10-17,1,Damaged
1315,14635,2023-04-18,1,Changed mind
1316,8323,2023-11-18,1,Not as described
1317,35851,2024-10-26,1,Damaged
1318,1423,2024-05-31,1,Damaged
1319,10313,2024-05-10,1,Wrong item
1320,12429,2024-04-16,1,Damaged
1321,6826,2023-06-11,2,Changed mind
1322,1526,2023-02-27,1,Late delivery
1323,26477,2024-06-11,1,Late delivery
1324,25808,2023-06-18,1,Changed mind
1325,2925,2023-05-13,1,Wrong item
1326,5726,2024-09-09,1,Not as described
1327,34917,2024-10-18,1,Not as described
1328,11863,2023-07-20,1,Late delivery
1329,26248,2024-09-01,1,Damaged
1330,1318,2023-03-23,1,Wrong item
1331,31339,2024-12-05,2,Changed mind
1332,27280,2024-04-02,1,Damaged
1333,35971,2024-09-08,2,Changed mind
1334,14231,2023-03-17,2,Changed mind
1335,36229,2023-02-16,1,Late delivery
1336,11255,2024-05-10,3,Wrong item
1337,36228,2023-02-10,1,Late delivery
1338,36896,2024-06-12,1,Changed mind
1339,35289,2024-11-14,1,Late delivery
1340,23787,2023-05-18,1,Not as described
1341,16379,2023-04-10,1,Changed mind
1342,16944,2024-10-25,1,Damaged
1343,29831,2023-09-26,2,Not as described
1344,7628,2024-04-01,2,Late delivery
1345,24385,2024-06-21,1,Changed mind
1346,12377,2023-03-17,2,Changed mind
1347,14158,2023-11-20,1,Wrong item
1348,8692,2023-06-24,2,Late delivery
1349,26416,2023-06-14,2,Damaged
1350,33199,2024-10-21,1,Late delivery
1351,14142,2024-06-27,1,Wrong item
1352,27189,2023-07-21,1,Not as described
1353,13128,2023-09-19,1,Changed mind
1354,17767,2023-06-13,1,Not as described
1355,23378,2024-08-04,4,Changed mind
1356,29810,2023-08-20,1,Changed mind
1357,19674,2023-05-23,1,Late delivery
1358,7230,2024-05-12,1,Damaged
1359,2306,2023-03-27,2,Damaged
1360,2263,2023-01-15,1,Changed mind
1361,8163,2023-10-18,1,Not as described
1362,32399,2023-10-14,1,Wrong item
1363,16663,2024-02-25,1,Changed mind
1364,4003,2024-06-25,1,Damaged
1365,16841,2024-11-18,1,Late delivery
1366,19694,2024-04-11,3,Not as described
1367,19043,2024-11-04,1,Not as described
1368,8948,2023-03-26,1,Late delivery
1369,18536,2023-02-25,1,Late delivery
1370,21958,2024-04-19,1,Not as described
1371,9601,2024-02-18,2,Wrong item
1372,25415,2023-07-01,1,Damaged
1373,38775,2023-04-06,1,Changed mind
1374,38588,2023-02-03,1,Changed mind
1375,39255,2024-11-30,4,Wrong item
1376,13511,2024-12-29,1,Damaged
1377,16453,2024-11-11,2,Changed mind
1378,9147,2023-06-26,1,Late delivery
1379,6619,2023-02-11,1,Not as described
1380,26274,2024-08-03,4,Late delivery
1381,38667,2024-06-16,1,Late delivery
1382,1065,2023-10-05,1,Wrong item
1383,21456,2023-04-26,1,Changed mind
1384,39308,2024-08-29,5,Changed mind
1385,28481,2023-12-18,1,Wrong item
1386,28913,2023-01-16,1,Damaged
1387,7618,2023-06-07,1,Wrong item
1388,24092,2023-07-16,1,Late delivery
1389,12071,2023-07-18,1,Changed mind
1390,36540,2024-07-21,3,Wrong item
1391,13510,2023-02-24,1,Not as described
1392,33522,2024-02-20,1,Damaged
1393,37795,2024-05-10,1,Not as described
1394,34504,2023-08-01,1,Wrong item
1395,20398,2023-08-26,1,Late delivery
1396,296,2024-08-19,1,Wrong item
1397,23163,2023-02-13,1,Wrong item
1398,21549,2024-07-03,1,Damaged
1399,19625,2023-08-22,1,Not as described
1400,17842,2023-06-13,1,Wrong item
1401,12625,2024-02-01,1,Late delivery
1402,24195,2024-06-30,1,Wrong item
1403,2027,2023-01-06,1,Late delivery
1404,17192,2024-01-21,2,Late delivery
1405,17670,2024-11-27,1,Changed mind
1406,35693,2024-11-18,1,Not as described
1407,12299,2023-10-03,1,Late delivery
1408,32012,2023-10-06,1,Damaged
1409,20219,2024-11-30,1,Wrong item
1410,39297,2023-08-01,2,Damaged
1411,2536,2024-07-28,2,Not as described
1412,13791,2024-08-27,1,Damaged
1413,13648,2023-01-28,1,Wrong item
1414,12407,2023-09-16,2,Damaged
1415,37341,2024-08-15,2,Changed mind
1416,36371,2024-05-04,1,Changed mind
1417,21415,2024-08-28,2,Wrong item
1418,37056,2024-08-11,1,Wrong item
1419,14342,2024-05-12,3,Not as described
1420,26269,2023-10-09,3,Changed mind
1421,22879,2024-06-03,1,Damaged
1422,4654,2024-05-02,2,Not as described
1423,20100,2023-09-05,1,Late delivery
1424,15578,2024-03-08,2,Not as described
1425,26148,2023-10-19,2,Not as described
1426,7278,2024-10-09,1,Changed mind
1427,10446,2023-08-25,1,Wrong item
1428,35291,2023-07-26,3,Damaged
1429,26923,2023-09-03,1,Late delivery
1430,28075,2023-04-22,1,Not as described
1431,9870,2023-11-08,1,Wrong item
1432,32693,2023-08-10,1,Wrong item
1433,35239,2023-11-01,2,Not as described
1434,22441,2023-10-11,1,Not as described
1435,24273,2023-01-19,1,Changed mind
1436,8272,2024-01-04,3,Not as described
1437,20873,2023-05-08,2,Not as described
1438,8516,2024-08-11,3,Not as described
1439,15704,2024-07-02,2,Late delivery
1440,25888,2023-06-10,1,Not as described
1441,33207,2023-03-12,2,Changed mind
1442,19743,2024-09-22,1,Wrong item
1443,27847,2024-06-03,1,Damaged
1444,13105,2023-07-13,2,Changed mind
1445,37025,2024-11-11,1,Not as described
1446,30625,2023-07-31,3,Damaged
1447,18880,2023-03-25,1,Changed mind
1448,33109,2024-04-20,1,Not as described
1449,29648,2023-03-18,1,Changed mind
1450,10142,2024-05-23,1,Late delivery
1451,2627,2023-12-05,2,Damaged
1452,18056,2023-04-29,1,Changed mind
1453,23068,2024-03-12,1,Not as described
1454,24468,2024-02-04,1,Late delivery
1455,12307,2023-08-20,1,Late delivery
1456,20921,2023-08-01,1,Changed mind
1457,4751,2024-02-22,1,Changed mind
1458,11353,2023-06-20,1,Not as described
1459,4388,2023-10-16,1,Wrong item
1460,10239,2024-10-30,1,Not as described
1461,25519,2024-01-15,1,Not as described
1462,14210,2024-08-10,1,Changed mind
1463,728,2023-09-18,1,Late delivery
1464,24932,2023-06-20,1,Wrong item
1465,12329,2024-06-25,1,Damaged
1466,5920,2023-02-21,2,Changed mind
1467,5458,2023-08-21,2,Late delivery
1468,31395,2024-03-05,2,Changed mind
1469,15441,2024-08-19,1,Changed mind
1470,13591,2024-10-07,1,Damaged
1471,311,2024-09-18,1,Changed mind
1472,31667,2023-01-04,1,Wrong item
1473,28008,2024-02-13,1,Late delivery
1474,27640,2023-03-18,1,Changed mind
1475,39015,2023-02-09,2,Not as described
1476,20147,2023-05-05,1,Late delivery
1477,13584,2024-09-05,1,Late delivery
1478,33535,2023-11-08,1,Damaged
1479,4860,2023-04-11,1,Not as described
1480,22397,2023-07-01,1,Changed mind
1481,19831,2024-12-30,5,Not as described
1482,32972,2024-05-12,1,Late delivery
1483,1501,2023-06-28,1,Wrong item
1484,16890,2023-06-11,1,Wrong item
1485,36577,2023-04-21,1,Not as described
1486,12828,2024-04-25,1,Damaged
1487,6695,2024-10-16,1,Not as described
1488,13347,2023-11-14,1,Changed mind
1489,32971,2023-03-06,1,Late delivery
1490,4284,2024-04-05,1,Late delivery
1491,17517,2024-07-29,1,Damaged
1492,33620,2023-07-09,1,Wrong item
1493,33610,2024-12-10,3,Damaged
1494,39352,2023-01-16,1,Not as described
1495,16143,2023-01-07,1,Changed mind
1496,1472,2023-04-13,1,Late delivery
1497,23602,2023-02-03,1,Damaged
1498,4485,2023-12-13,1,Damaged
1499,5424,2024-04-21,3,Changed mind
1500,39100,2023-01-07,2,Wrong item
1501,22619,2023-10-29,1,Damaged
1502,35790,2024-10-20,1,Changed mind
1503,9083,2023-08-16,3,Changed mind
1504,21524,2023-12-13,1,Late delivery
1505,18182,2023-06-10,1,Late delivery
1506,10581,2024-10-21,1,Wrong item
1507,17985,2024-04-14,1,Wrong item
1508,17079,2024-07-24,1,Wrong item
1509,19935,2023-09-05,1,Damaged
1510,22755,2024-07-08,3,Wrong item
1511,17349,2024-02-15,1,Wrong item
1512,33205,2023-01-28,3,Changed mind
1513,36398,2023-01-19,1,Late delivery
1514,30870,2024-07-26,1,Late delivery
1515,18765,2024-02-27,1,Damaged
1516,36842,2024-08-02,1,Damaged
1517,28176,2024-11-15,2,Damaged
1518,5778,2024-06-14,2,Late delivery
1519,13781,2023-03-18,1,Wrong item
1520,23117,2024-07-29,1,Late delivery
1521,19049,2024-11-29,1,Wrong item
1522,2418,2024-01-04,1,Not as described
1523,21209,2023-07-25,1,Late delivery
1524,27025,2023-08-26,1,Changed mind
1525,8076,2023-02-24,1,Not as described
1526,25329,2024-07-23,1,Late delivery
1527,16272,2023-03-12,1,Late delivery
1528,3145,2023-12-29,1,Wrong item
1529,38249,2023-02-02,1,Wrong item
1530,11834,2024-08-18,1,Damaged
1531,17415,2023-12-29,1,Late delivery
1532,26398,2023-05-02,1,Damaged
1533,9375,2024-07-13,1,Not as described
1534,38103,2023-07-07,2,Damaged
1535,7765,2024-11-23,1,Changed mind
1536,24035,2023-01-19,2,Damaged
1537,22218,2024-12-29,1,Late delivery
1538,7958,2024-07-11,1,Late delivery
1539,6249,2024-02-25,1,Not as described
1540,30788,2024-09-20,1,Not as described
1541,23175,2024-04-08,1,Damaged
1542,22700,2023-08-18,1,Not as described
1543,30921,2023-11-09,1,Damaged
1544,34788,2023-11-12,2,Damaged
1545,279,2023-12-06,2,Late delivery
1546,23148,2023-05-02,1,Damaged
1547,38343,2024-04-26,1,Changed mind
1548,28305,2024-02-03,1,Late delivery
1549,8423,2023-02-26,1,Changed mind
1550,31677,2024-04-01,1,Changed mind
1551,29434,2024-10-09,1,Changed mind
1552,32386,2024-04-06,2,Not as described
1553,23791,2023-12-25,1,Wrong item
1554,9938,2024-02-02,1,Damaged
1555,4958,2024-02-08,1,Not as described
1556,25120,2023-05-27,1,Not as described
1557,6822,2023-09-26,1,Not as described
1558,38465,2024-02-01,1,Not as described
1559,27937,2024-05-12,3,Not as described
1560,11334,2024-08-20,1,Not as described
1561,8743,2023-08-02,1,Changed mind
1562,18614,2023-05-29,1,Late delivery
1563,11288,2023-08-02,1,Late delivery
1564,12202,2024-05-07,1,Late delivery
1565,33286,2023-03-14,1,Damaged
1566,33924,2023-12-31,1,Late delivery
1567,9055,2023-12-03,1,Changed mind
1568,189,2024-08-14,1,Not as described
1569,3592,2023-09-24,1,Wrong item
1570,11266,2023-02-18,2,Late delivery
1571,11574,2023-07-10,2,Changed mind
1572,32049,2023-11-30,2,Damaged
1573,4018,2023-01-13,1,Not as described
1574,16759,2023-05-09,1,Late delivery
1575,18977,2024-04-11,1,Late delivery
1576,19322,2023-03-04,1,Damaged
1577,4557,2024-04-13,1,Not as described
1578,33110,2023-06-17,1,Late delivery
1579,11418,2023-01-17,1,Damaged
1580,23203,2023-09-28,3,Late delivery
1581,15211,2024-06-07,2,Changed mind
